Pieza,Destino,utm_source,utm_medium,utm_campaign,utm_content,URL de ejemplo
armario_base,landing.html,instagram,organic_social,narea_capsula_4w,armario_base,https://example.com/landing.html?utm_source=instagram&utm_medium=organic_social&utm_campaign=narea_capsula_4w&utm_content=armario_base
tres_planes,landing.html,instagram,organic_social,narea_capsula_4w,tres_planes,https://example.com/landing.html?utm_source=instagram&utm_medium=organic_social&utm_campaign=narea_capsula_4w&utm_content=tres_planes
guia_capsula,landing.html,pinterest,organic_social,narea_capsula_4w,guia_capsula,https://example.com/landing.html?utm_source=pinterest&utm_medium=organic_social&utm_campaign=narea_capsula_4w&utm_content=guia_capsula
cinco_preguntas,landing.html,instagram,organic_social,narea_capsula_4w,cinco_preguntas,https://example.com/landing.html?utm_source=instagram&utm_medium=organic_social&utm_campaign=narea_capsula_4w&utm_content=cinco_preguntas
misma_camisa,landing.html,instagram,organic_social,narea_capsula_4w,misma_camisa,https://example.com/landing.html?utm_source=instagram&utm_medium=organic_social&utm_campaign=narea_capsula_4w&utm_content=misma_camisa
checklist,landing.html,instagram,organic_social,narea_capsula_4w,checklist,https://example.com/landing.html?utm_source=instagram&utm_medium=organic_social&utm_campaign=narea_capsula_4w&utm_content=checklist
semana_real,landing.html,instagram,organic_social,narea_capsula_4w,semana_real,https://example.com/landing.html?utm_source=instagram&utm_medium=organic_social&utm_campaign=narea_capsula_4w&utm_content=semana_real
capa_exterior,landing.html,instagram,organic_social,narea_capsula_4w,capa_exterior,https://example.com/landing.html?utm_source=instagram&utm_medium=organic_social&utm_campaign=narea_capsula_4w&utm_content=capa_exterior
rutina,landing.html,newsletter,email,narea_capsula_4w,rutina,https://example.com/landing.html?utm_source=newsletter&utm_medium=email&utm_campaign=narea_capsula_4w&utm_content=rutina
primera_seleccion,landing.html,instagram,organic_social,narea_capsula_4w,primera_seleccion,https://example.com/landing.html?utm_source=instagram&utm_medium=organic_social&utm_campaign=narea_capsula_4w&utm_content=primera_seleccion
preferencias,landing.html,instagram,organic_social,narea_capsula_4w,preferencias,https://example.com/landing.html?utm_source=instagram&utm_medium=organic_social&utm_campaign=narea_capsula_4w&utm_content=preferencias
lanzamiento,landing.html,newsletter,email,narea_capsula_4w,lanzamiento,https://example.com/landing.html?utm_source=newsletter&utm_medium=email&utm_campaign=narea_capsula_4w&utm_content=lanzamiento
