Semana,Día,Canal,Formato,Etapa,Titular,Copy,CTA,ID
1,Lunes,Instagram,Carrusel,Descubrimiento,Menos prendas. Más combinaciones.,"¿Tu armario está lleno y aun así no sabes qué ponerte? Empieza por las prendas que sí usas: una camisa, un pantalón y una capa exterior. Esta semana te enseñamos cómo convertir esa base en más looks. Guarda este carrusel para tu próxima revisión de armario.",Guardar,armario_base
1,Miércoles,Instagram,Reel,Descubrimiento,"Un pantalón, tres planes.","Trabajo, café y cena. Un pantalón de corte recto puede acompañarte en los tres si cambias la capa exterior y los accesorios. ¿Qué combinación llevarías hoy? Cuéntanos tu elección.",Comentar,tres_planes
1,Viernes,Blog + Pinterest,Artículo,Descubrimiento,Cómo empezar un armario cápsula sin comprar más.,"Antes de añadir una prenda, prueba a combinar lo que ya tienes. Nuestra guía empieza con una revisión sencilla del armario y una lista de básicos adaptada a tu rutina. Lee el artículo y prepara tu propia lista.",Leer artículo,guia_capsula
2,Lunes,Instagram,Carrusel,Consideración,Cinco preguntas antes de comprar.,"¿Combina con tres prendas que ya tengo? ¿Me resulta cómoda? ¿La usaré en mi semana habitual? ¿Sé cómo cuidarla? ¿La compraría sin descuento? Desliza, guarda y vuelve a estas preguntas antes de tu próxima compra.",Guardar,cinco_preguntas
2,Miércoles,Instagram,Reel,Consideración,"La misma camisa, dos ritmos.","Una camisa clara y dos maneras de llevarla: con pantalón fluido para el día, con una capa estructurada para la tarde. Elige la que encaje contigo. Descubre más combinaciones en nuestra guía.",Visitar guía,misma_camisa
2,Viernes,Instagram,Stories,Captación,Tu guía de armario cápsula.,Hemos reunido una checklist y cinco fórmulas de looks para ayudarte a aprovechar tu armario. Solicita la guía y recibe ideas para combinar tus prendas con intención.,Solicitar guía,checklist
3,Lunes,Instagram,Carrusel,Consideración,De la oficina al fin de semana.,Una base sencilla cambia con pequeños detalles. Te proponemos tres fórmulas: camisa + recto + americana; punto + fluido + bolso; camiseta + recto + camisa abierta. ¿Cuál se parece más a tu semana?,Guardar,semana_real
3,Miércoles,Instagram,Reel,Consideración,El detalle que cambia el look.,"Prueba a cambiar una sola pieza: la capa exterior. Una americana define el conjunto; una camisa abierta lo hace más relajado. Mismo armario, otra sensación. Encuentra la checklist en el enlace de la bio.",Visitar guía,capa_exterior
3,Viernes,Email,Contenido,Nutrición,Tu rutina antes que las tendencias.,No todas necesitamos los mismos básicos. Revisa tus planes de la semana y elige tres prendas que puedas combinar entre sí. En el segundo email de la campaña encontrarás un ejercicio de cinco minutos para empezar.,Leer ejercicio,rutina
4,Lunes,Instagram,Carrusel,Decisión,Una primera selección pensada para combinar.,"Estamos preparando la primera selección NAREA: siluetas sencillas y combinaciones para el día a día. Si quieres conocerla cuando esté lista, puedes apuntarte a la lista de lanzamiento.",Lista de lanzamiento,primera_seleccion
4,Miércoles,Instagram,Stories,Decisión,¿Qué prenda resuelve mejor tu semana?,Camisa clara o americana azul: ¿cuál eliges? Participa en la encuesta y consulta las fórmulas de looks de nuestra guía. Tus preferencias ayudarían a orientar una futura selección de contenidos.,Responder encuesta,preferencias
4,Viernes,Email,Invitación,Decisión,Conoce NAREA desde el principio.,"Si te gusta la idea de un armario más fácil de combinar, forma parte de nuestra lista de lanzamiento. Te avisaríamos cuando hubiera una colección disponible y compartiríamos ideas para llevarla.",Lista de lanzamiento,lanzamiento
